date,location,total_vaccinations,total_distributed,people_vaccinated,people_fully_vaccinated_per_hundred,total_vaccinations_per_hundred,people_fully_vaccinated,people_vaccinated_per_hundred,distributed_per_hundred,daily_vaccinations_raw,daily_vaccinations,daily_vaccinations_per_million,share_doses_used
2021-01-13,Massachusetts,217443.0,656850.0,192619.0,0.36,3.15,24789.0,2.79,9.53,13361.0,13361.0,1938.0,0.331
2021-01-15,Massachusetts,257175.0,669325.0,222109.0,0.51,3.73,34885.0,3.22,9.71,23699.0,17698.0,2568.0,0.384
2021-01-20,Massachusetts,330490.0,737550.0,288209.0,0.61,4.79,42062.0,4.18,10.7,11613.0,16150.0,2343.0,0.448
2021-01-21,Massachusetts,353117.0,776400.0,306646.0,0.67,5.12,46247.0,4.45,11.26,22627.0,17092.0,2480.0,0.455
2021-01-22,Massachusetts,370627.0,854950.0,318630.0,0.75,5.38,51662.0,4.62,12.4,17510.0,16207.0,2351.0,0.434
2021-01-23,Massachusetts,392967.0,859175.0,334514.0,0.84,5.7,57869.0,4.85,12.47,22340.0,17195.0,2495.0,0.457
2021-01-24,Massachusetts,419806.0,859175.0,356102.0,0.92,6.09,63096.0,5.17,12.47,26839.0,18826.0,2731.0,0.489
2021-01-25,Massachusetts,433615.0,859175.0,368358.0,0.94,6.29,64648.0,5.34,12.47,13809.0,18595.0,2698.0,0.505
2021-01-26,Massachusetts,442703.0,875825.0,376313.0,0.95,6.42,65761.0,5.46,12.71,9088.0,17689.0,2566.0,0.505
2021-01-27,Massachusetts,464275.0,956800.0,390470.0,1.06,6.74,73152.0,5.67,13.88,21572.0,19112.0,2773.0,0.485
2021-01-28,Massachusetts,490332.0,1018975.0,406024.0,1.21,7.11,83637.0,5.89,14.78,26057.0,19602.0,2844.0,0.481
2021-01-29,Massachusetts,520504.0,1057000.0,422803.0,1.4,7.55,96373.0,6.13,15.34,30172.0,21411.0,3106.0,0.492
2021-01-30,Massachusetts,547082.0,1060900.0,438852.0,1.55,7.94,106799.0,6.37,15.39,26578.0,22016.0,3194.0,0.516
2021-01-31,Massachusetts,579181.0,1060900.0,461408.0,1.69,8.4,116315.0,6.69,15.39,32099.0,22768.0,3303.0,0.546
2021-02-01,Massachusetts,608947.0,1060900.0,484829.0,1.78,8.83,122652.0,7.03,15.39,29766.0,25047.0,3634.0,0.574
2021-02-02,Massachusetts,625477.0,1039775.0,497445.0,1.84,9.07,126560.0,7.22,15.09,16530.0,26111.0,3788.0,0.602
2021-02-03,Massachusetts,625477.0,1156375.0,497445.0,1.84,9.07,126560.0,7.22,16.78,0.0,23029.0,3341.0,0.541
2021-02-04,Massachusetts,652929.0,1229075.0,517135.0,1.95,9.47,134311.0,7.5,17.83,27452.0,23228.0,3370.0,0.531
2021-02-05,Massachusetts,685074.0,1247600.0,539877.0,2.08,9.94,143690.0,7.83,18.1,32145.0,23510.0,3411.0,0.549
2021-02-06,Massachusetts,727120.0,1247600.0,571853.0,2.23,10.55,153692.0,8.3,18.1,42046.0,25720.0,3732.0,0.583
2021-02-07,Massachusetts,780268.0,1247600.0,609483.0,2.45,11.32,169148.0,8.84,18.1,53148.0,28727.0,4168.0,0.625
2021-02-08,Massachusetts,806376.0,1247600.0,630154.0,2.53,11.7,174437.0,9.14,18.1,26108.0,28204.0,4092.0,0.646
2021-02-09,Massachusetts,832242.0,1273975.0,649131.0,2.63,12.07,181280.0,9.42,18.48,25866.0,29538.0,4286.0,0.653
2021-02-10,Massachusetts,883945.0,1393725.0,687093.0,2.83,12.82,194968.0,9.97,20.22,51703.0,36924.0,5357.0,0.634
2021-02-11,Massachusetts,924612.0,1445425.0,715308.0,3.01,13.41,207392.0,10.38,20.97,40667.0,38812.0,5631.0,0.64
2021-02-12,Massachusetts,962711.0,1499450.0,741746.0,3.17,13.97,218795.0,10.76,21.75,38099.0,39662.0,5754.0,0.642
2021-02-13,Massachusetts,1009560.0,1502725.0,771430.0,3.42,14.65,235910.0,11.19,21.8,46849.0,40349.0,5854.0,0.672
2021-02-14,Massachusetts,1085584.0,1502925.0,823429.0,3.77,15.75,259760.0,11.95,21.81,76024.0,43617.0,6328.0,0.722
2021-02-17,Massachusetts,1170398.0,1526150.0,879627.0,4.18,16.98,288309.0,12.76,22.14,23538.0,40922.0,5937.0,0.767
2021-02-18,Massachusetts,1214821.0,1526150.0,912258.0,4.35,17.63,299871.0,13.24,22.14,44423.0,41458.0,6015.0,0.796
2021-02-19,Massachusetts,1316402.0,1580500.0,987512.0,4.73,19.1,326108.0,14.33,22.93,101581.0,50527.0,7331.0,0.833
2021-02-20,Massachusetts,1375439.0,1737170.0,1028490.0,4.99,19.96,343624.0,14.92,25.2,59037.0,52268.0,7583.0,0.792
2021-02-21,Massachusetts,1426512.0,1737170.0,1054948.0,5.33,20.7,367709.0,15.31,25.2,51073.0,48704.0,7066.0,0.821
2021-02-22,Massachusetts,1468992.0,1737170.0,1070869.0,5.54,21.31,382100.0,15.54,25.2,42480.0,50396.0,7312.0,0.846
2021-02-23,Massachusetts,1500077.0,1747380.0,1090809.0,5.7,21.76,392631.0,15.83,25.35,31085.0,50460.0,7321.0,0.858
2021-02-24,Massachusetts,1533534.0,1982950.0,1108977.0,5.91,22.25,407380.0,16.09,28.77,33457.0,51877.0,7527.0,0.773
2021-02-25,Massachusetts,1576657.0,2025060.0,1133903.0,6.16,22.87,424922.0,16.45,29.38,43123.0,51691.0,7500.0,0.779
2021-02-26,Massachusetts,1625459.0,2068660.0,1162144.0,6.46,23.58,445006.0,16.86,30.01,48802.0,44151.0,6406.0,0.786
2021-02-27,Massachusetts,1684341.0,2091730.0,1194345.0,6.84,24.44,471242.0,17.33,30.35,58882.0,44129.0,6402.0,0.805
2021-02-28,Massachusetts,1735916.0,2091730.0,1220455.0,7.2,25.19,496356.0,17.71,30.35,51575.0,44201.0,6413.0,0.83
2021-03-01,Massachusetts,1803528.0,2091730.0,1260542.0,7.59,26.17,523119.0,18.29,30.35,67612.0,47791.0,6934.0,0.862
2021-03-02,Massachusetts,1837816.0,2115560.0,1278555.0,7.82,26.66,538986.0,18.55,30.69,34288.0,48248.0,7000.0,0.869
2021-03-03,Massachusetts,1884139.0,2296020.0,1306343.0,8.08,27.34,557064.0,18.95,33.31,46323.0,50086.0,7267.0,0.821
2021-03-04,Massachusetts,1941018.0,2381160.0,1341520.0,8.39,28.16,578386.0,19.46,34.55,56879.0,52052.0,7552.0,0.815
2021-03-05,Massachusetts,2005708.0,2476070.0,1379021.0,8.78,29.1,605400.0,20.01,35.92,64690.0,54321.0,7881.0,0.81
2021-03-06,Massachusetts,2082052.0,2497130.0,1423801.0,9.24,30.21,636626.0,20.66,36.23,76344.0,56816.0,8243.0,0.834
2021-03-07,Massachusetts,2148356.0,2497130.0,1463301.0,9.62,31.17,663148.0,21.23,36.23,66304.0,58920.0,8548.0,0.86
2021-03-08,Massachusetts,2199086.0,2497130.0,1493343.0,10.08,31.91,695094.0,21.67,36.23,50730.0,56508.0,8198.0,0.881
2021-03-09,Massachusetts,2226167.0,2657570.0,1510698.0,10.26,32.3,706965.0,21.92,38.56,27081.0,55479.0,8049.0,0.838
2021-03-10,Massachusetts,2313916.0,2724620.0,1567359.0,10.87,33.57,749328.0,22.74,39.53,87749.0,61397.0,8908.0,0.849
2021-03-11,Massachusetts,2376322.0,2859820.0,1608665.0,11.26,34.48,776259.0,23.34,41.49,62406.0,62186.0,9022.0,0.831
2021-03-12,Massachusetts,2443419.0,2861490.0,1650762.0,11.77,35.45,811452.0,23.95,41.52,67097.0,62530.0,9072.0,0.854
2021-03-13,Massachusetts,2561749.0,2891100.0,1717752.0,12.68,37.17,874031.0,24.92,41.95,118330.0,68528.0,9942.0,0.886
2021-03-14,Massachusetts,2561749.0,2891100.0,1718071.0,12.68,37.17,874199.0,24.93,41.95,0.0,59056.0,8568.0,0.886
2021-03-15,Massachusetts,2620671.0,2891100.0,1751693.0,13.13,38.02,904685.0,25.41,41.95,58922.0,60226.0,8738.0,0.906
2021-03-16,Massachusetts,2633498.0,3069880.0,1759203.0,13.22,38.21,911506.0,25.52,44.54,12827.0,58190.0,8443.0,0.858
2021-03-17,Massachusetts,2710203.0,3159090.0,1805897.0,13.68,39.32,942557.0,26.2,45.83,76705.0,56612.0,8214.0,0.858
2021-03-18,Massachusetts,2773542.0,3270160.0,1845302.0,14.06,40.24,969041.0,26.77,47.45,63339.0,56746.0,8233.0,0.848
2021-03-19,Massachusetts,2837941.0,3314010.0,1886403.0,14.43,41.17,994623.0,27.37,48.08,64399.0,56360.0,8177.0,0.856
2021-03-20,Massachusetts,2909219.0,3321910.0,1932142.0,14.82,42.21,1021600.0,28.03,48.2,71278.0,49639.0,7202.0,0.876
2021-03-21,Massachusetts,2972826.0,3321910.0,1973933.0,15.16,43.13,1044985.0,28.64,48.2,63607.0,58725.0,8520.0,0.895
2021-03-22,Massachusetts,3032996.0,3321910.0,2008501.0,15.51,44.0,1069066.0,29.14,48.2,60170.0,58904.0,8546.0,0.913
2021-03-23,Massachusetts,3066115.0,3490490.0,2026414.0,15.74,44.48,1084737.0,29.4,50.64,33119.0,61802.0,8967.0,0.878
2021-03-24,Massachusetts,3131419.0,3557950.0,2067842.0,16.11,45.43,1110288.0,30.0,51.62,65304.0,60174.0,8730.0,0.88
2021-03-25,Massachusetts,3196050.0,3773250.0,2107488.0,16.5,46.37,1137413.0,30.58,54.74,64631.0,60358.0,8757.0,0.847
2021-03-26,Massachusetts,3270796.0,3846570.0,2154775.0,16.93,47.45,1166923.0,31.26,55.81,74746.0,61836.0,8971.0,0.85
2021-03-27,Massachusetts,3345239.0,3848770.0,2200864.0,17.37,48.53,1196939.0,31.93,55.84,74443.0,62289.0,9037.0,0.869
2021-03-28,Massachusetts,3424253.0,3848770.0,2251089.0,17.81,49.68,1227553.0,32.66,55.84,79014.0,64490.0,9357.0,0.89
2021-03-29,Massachusetts,3495331.0,3848770.0,2293964.0,18.23,50.71,1256616.0,33.28,55.84,71078.0,66048.0,9583.0,0.908
2021-03-30,Massachusetts,3535818.0,4117900.0,2316988.0,18.5,51.3,1275456.0,33.62,59.74,40487.0,67100.0,9735.0,0.859
2021-03-31,Massachusetts,3611067.0,4270280.0,2362261.0,18.96,52.39,1307031.0,34.27,61.96,75249.0,68521.0,9941.0,0.846
2021-04-01,Massachusetts,3685186.0,4396850.0,2404819.0,19.46,53.47,1341408.0,34.89,63.79,74119.0,69877.0,10138.0,0.838
2021-04-02,Massachusetts,3771380.0,4461100.0,2458457.0,19.98,54.72,1377011.0,35.67,64.72,86194.0,71512.0,10375.0,0.845
2021-04-03,Massachusetts,3868668.0,4604300.0,2519546.0,20.55,56.13,1416618.0,36.55,66.8,97288.0,74776.0,10849.0,0.84
2021-04-04,Massachusetts,3968332.0,4604300.0,2581225.0,21.15,57.57,1458104.0,37.45,66.8,99664.0,77726.0,11277.0,0.862
2021-04-05,Massachusetts,4041785.0,4604300.0,2628913.0,21.58,58.64,1487084.0,38.14,66.8,73453.0,78065.0,11326.0,0.878
2021-04-06,Massachusetts,4079774.0,4891900.0,2654349.0,21.77,59.19,1500461.0,38.51,70.97,37989.0,77708.0,11274.0,0.834
2021-04-07,Massachusetts,4161913.0,5001550.0,2700986.0,22.32,60.38,1538460.0,39.19,72.57,82139.0,78692.0,11417.0,0.832
2021-04-08,Massachusetts,4252091.0,5132600.0,2760594.0,22.93,61.69,1580322.0,40.05,74.47,90178.0,80986.0,11750.0,0.828
2021-04-09,Massachusetts,4345857.0,5211830.0,2823706.0,23.61,63.05,1627036.0,40.97,75.62,93766.0,82068.0,11907.0,0.834
2021-04-10,Massachusetts,4461283.0,5331330.0,2891527.0,24.48,64.73,1687323.0,41.95,77.35,115426.0,84659.0,12283.0,0.837
2021-04-11,Massachusetts,4569777.0,5331330.0,2964422.0,25.22,66.3,1738537.0,43.01,77.35,108494.0,85921.0,12466.0,0.857
2021-04-12,Massachusetts,4651716.0,5331330.0,3021548.0,25.82,67.49,1779448.0,43.84,77.35,81939.0,87133.0,12642.0,0.873
2021-04-13,Massachusetts,4708134.0,5494910.0,3065443.0,26.17,68.31,1803735.0,44.48,79.72,56418.0,89766.0,13024.0,0.857
2021-04-14,Massachusetts,4800301.0,5610090.0,3124643.0,26.83,69.65,1849210.0,45.33,81.39,92167.0,91198.0,13231.0,0.856
2021-04-15,Massachusetts,4895087.0,5768250.0,3183694.0,27.46,71.02,1892688.0,46.19,83.69,94786.0,91857.0,13327.0,0.849
2021-04-16,Massachusetts,4991916.0,5777290.0,3239232.0,28.07,72.43,1934940.0,47.0,83.82,96829.0,92294.0,13390.0,0.864
2021-04-17,Massachusetts,5080279.0,5967370.0,3287256.0,28.68,73.71,1976458.0,47.69,86.58,88363.0,88428.0,12830.0,0.851
2021-04-18,Massachusetts,5170513.0,5967370.0,3333025.0,29.33,75.02,2021713.0,48.36,86.58,90234.0,85819.0,12451.0,0.866
2021-04-19,Massachusetts,5242290.0,5967370.0,3368264.0,29.86,76.06,2058306.0,48.87,86.58,71777.0,84368.0,12241.0,0.878
2021-04-20,Massachusetts,5293380.0,6219300.0,3399207.0,30.18,76.8,2079975.0,49.32,90.23,51090.0,83607.0,12130.0,0.851
2021-04-21,Massachusetts,5372992.0,6362390.0,3443826.0,30.7,77.95,2116180.0,49.96,92.31,79612.0,81813.0,11870.0,0.844
2021-04-22,Massachusetts,5467558.0,6520590.0,3497850.0,31.29,79.33,2156940.0,50.75,94.6,94566.0,81782.0,11865.0,0.839
2021-04-23,Massachusetts,5563298.0,6623650.0,3548972.0,31.95,80.72,2201911.0,51.49,96.1,95740.0,81626.0,11843.0,0.84
2021-04-24,Massachusetts,5672164.0,6771230.0,3604461.0,32.72,82.29,2255295.0,52.3,98.24,108866.0,84555.0,12268.0,0.838
2021-04-25,Massachusetts,5776781.0,6771230.0,3657935.0,33.46,83.81,2306492.0,53.07,98.24,104617.0,86610.0,12566.0,0.853
2021-04-26,Massachusetts,5855519.0,6771230.0,3696940.0,34.04,84.95,2346322.0,53.64,98.24,78738.0,87604.0,12710.0,0.865
2021-04-27,Massachusetts,5912678.0,6979520.0,3726523.0,34.46,85.78,2374818.0,54.07,101.26,57159.0,88471.0,12836.0,0.847
2021-04-28,Massachusetts,6000594.0,7048920.0,3770163.0,35.09,87.06,2418822.0,54.7,102.27,87916.0,89657.0,13008.0,0.851
2021-04-29,Massachusetts,6087168.0,7186080.0,3814116.0,35.72,88.32,2461918.0,55.34,104.26,86574.0,88516.0,12842.0,0.847
2021-04-30,Massachusetts,6174851.0,7304740.0,3858300.0,36.37,89.59,2506657.0,55.98,105.98,87683.0,87365.0,12675.0,0.845
2021-05-01,Massachusetts,6276416.0,7459960.0,3909748.0,37.12,91.06,2558500.0,56.72,108.23,101565.0,86322.0,12524.0,0.841
2021-05-02,Massachusetts,6365033.0,7459960.0,3949547.0,37.84,92.35,2608161.0,57.3,108.23,88617.0,84036.0,12192.0,0.853
2021-05-03,Massachusetts,6403240.0,7459960.0,3965973.0,38.17,92.9,2630867.0,57.54,108.23,38207.0,78246.0,11352.0,0.858
2021-05-04,Massachusetts,6438914.0,7792680.0,3977645.0,38.53,93.42,2655965.0,57.71,113.06,35674.0,75177.0,10907.0,0.826
2021-05-05,Massachusetts,6495919.0,7814540.0,4000616.0,39.04,94.25,2691166.0,58.04,113.38,57005.0,70761.0,10266.0,0.831
2021-05-06,Massachusetts,6588555.0,7875910.0,4039602.0,39.83,95.59,2745439.0,58.61,114.27,92636.0,71627.0,10392.0,0.837
2021-05-07,Massachusetts,6690804.0,7921710.0,4081217.0,40.74,97.07,2808123.0,59.21,114.93,102249.0,73708.0,10694.0,0.845
2021-05-08,Massachusetts,6785409.0,8068900.0,4115668.0,41.64,98.45,2869733.0,59.71,117.07,94605.0,72713.0,10550.0,0.841
2021-05-09,Massachusetts,6858691.0,8068900.0,4141658.0,42.36,99.51,2919358.0,60.09,117.07,73282.0,70523.0,10232.0,0.85
2021-05-10,Massachusetts,6931977.0,8068900.0,4173417.0,42.99,100.57,2962840.0,60.55,117.07,73286.0,75534.0,10959.0,0.859
2021-05-11,Massachusetts,6986508.0,8302250.0,4193220.0,43.51,101.36,2999270.0,60.84,120.45,54531.0,78228.0,11350.0,0.842
2021-05-12,Massachusetts,7043681.0,8339400.0,4209145.0,44.13,102.19,3041527.0,61.07,120.99,57173.0,78252.0,11353.0,0.845
2021-05-13,Massachusetts,7103369.0,8378640.0,4225852.0,44.79,103.06,3087288.0,61.31,121.56,59688.0,73545.0,10670.0,0.848
2021-05-14,Massachusetts,7156323.0,8435810.0,4240870.0,45.37,103.83,3126883.0,61.53,122.39,52954.0,66503.0,9649.0,0.848
2021-05-15,Massachusetts,7225009.0,8523650.0,4264932.0,46.04,104.82,3173423.0,61.88,123.67,68686.0,62800.0,9111.0,0.848
2021-05-16,Massachusetts,7294378.0,8523650.0,4293266.0,46.66,105.83,3215767.0,62.29,123.67,69369.0,62241.0,9030.0,0.856
2021-05-17,Massachusetts,7346310.0,8523650.0,4316739.0,47.07,106.58,3243966.0,62.63,123.67,51932.0,59190.0,8588.0,0.862
2021-05-18,Massachusetts,7372714.0,8651950.0,4328468.0,47.29,106.97,3259602.0,62.8,125.53,26404.0,55172.0,8005.0,0.852
2021-05-19,Massachusetts,7415002.0,8690900.0,4345993.0,47.68,107.58,3286210.0,63.05,126.09,42288.0,53046.0,7696.0,0.853
2021-05-20,Massachusetts,7488346.0,8790510.0,4373726.0,48.36,108.64,3333097.0,63.46,127.54,73344.0,54997.0,7979.0,0.852
2021-05-21,Massachusetts,7553356.0,8935720.0,4398862.0,48.96,109.59,3374820.0,63.82,129.64,65010.0,56719.0,8229.0,0.845
2021-05-22,Massachusetts,7643514.0,8968160.0,4434625.0,49.77,110.9,3430364.0,64.34,130.11,90158.0,59786.0,8674.0,0.852
2021-05-23,Massachusetts,7694252.0,8968160.0,4453702.0,50.26,111.63,3463828.0,64.62,130.11,50738.0,57125.0,8288.0,0.858
2021-05-24,Massachusetts,7729369.0,8968160.0,4470589.0,50.54,112.14,3483346.0,64.86,130.11,35117.0,54723.0,7939.0,0.862
2021-05-25,Massachusetts,7753685.0,9032980.0,4479593.0,50.77,112.49,3499591.0,64.99,131.06,24316.0,54424.0,7896.0,0.858
2021-05-26,Massachusetts,7795251.0,9047540.0,4493781.0,51.19,113.1,3528240.0,65.2,131.27,41566.0,54321.0,7881.0,0.862
2021-05-27,Massachusetts,7849273.0,9114660.0,4508487.0,51.74,113.88,3566470.0,65.41,132.24,54022.0,51561.0,7481.0,0.861
2021-05-28,Massachusetts,7907862.0,9129500.0,4530002.0,52.3,114.73,3604887.0,65.72,132.46,58589.0,50644.0,7348.0,0.866
2021-05-29,Massachusetts,7965407.0,9309200.0,4548140.0,52.9,115.57,3645984.0,65.99,135.06,57545.0,45985.0,6672.0,0.856
2021-05-30,Massachusetts,8014898.0,9309200.0,4565358.0,53.38,116.28,3678936.0,66.24,135.06,49491.0,45807.0,6646.0,0.861
2021-06-02,Massachusetts,8081349.0,9351320.0,4594429.0,53.95,117.25,3718511.0,66.66,135.67,14056.0,40871.0,5930.0,0.864
2021-06-03,Massachusetts,8111038.0,9396270.0,4603109.0,54.27,117.68,3740479.0,66.78,136.33,29689.0,37395.0,5425.0,0.863
2021-06-04,Massachusetts,8146584.0,9406620.0,4617367.0,54.6,118.19,3763179.0,66.99,136.48,35546.0,34103.0,4948.0,0.866
2021-06-05,Massachusetts,8185775.0,9481590.0,4633099.0,54.96,118.76,3787778.0,67.22,137.56,39191.0,31481.0,4567.0,0.863
2021-06-06,Massachusetts,8282496.0,9481590.0,4661533.0,55.92,120.17,3854374.0,67.63,137.56,96721.0,38228.0,5546.0,0.874
2021-06-07,Massachusetts,8317896.0,9481590.0,4672901.0,56.29,120.68,3879634.0,67.8,137.56,35400.0,39543.0,5737.0,0.877
2021-06-08,Massachusetts,8338103.0,9517310.0,4679528.0,56.5,120.97,3894534.0,67.89,138.08,20207.0,38687.0,5613.0,0.876
2021-06-09,Massachusetts,8367584.0,9520300.0,4688532.0,56.81,121.4,3915792.0,68.02,138.13,29481.0,40891.0,5933.0,0.879
2021-06-10,Massachusetts,8398807.0,9527630.0,4699367.0,57.13,121.85,3937546.0,68.18,138.23,31223.0,41110.0,5964.0,0.882
2021-06-11,Massachusetts,8398807.0,9545460.0,4699691.0,57.13,121.85,3937985.0,68.19,138.49,0.0,36032.0,5228.0,0.88
2021-06-12,Massachusetts,8430750.0,9569230.0,4712521.0,57.44,122.32,3959058.0,68.37,138.84,31943.0,34996.0,5077.0,0.881
2021-06-13,Massachusetts,8459523.0,9569230.0,4721480.0,57.75,122.74,3980438.0,68.5,138.84,28773.0,25290.0,3669.0,0.884
2021-06-14,Massachusetts,8483060.0,9569230.0,4729377.0,58.0,123.08,3997313.0,68.62,138.84,23537.0,23595.0,3423.0,0.886
2021-06-15,Massachusetts,8509338.0,9578900.0,4736609.0,58.29,123.46,4017847.0,68.72,138.98,26278.0,24462.0,3549.0,0.888
2021-06-16,Massachusetts,8509530.0,9581900.0,4737042.0,58.3,123.46,4018459.0,68.73,139.02,192.0,20278.0,2942.0,0.888
2021-06-17,Massachusetts,8588503.0,9591690.0,4763233.0,59.09,124.61,4072441.0,69.11,139.16,78973.0,27099.0,3932.0,0.895
2021-06-18,Massachusetts,8612018.0,9605260.0,4771271.0,59.32,124.95,4088768.0,69.22,139.36,23515.0,30459.0,4419.0,0.897
2021-06-19,Massachusetts,8638077.0,9628260.0,4781132.0,59.57,125.33,4105866.0,69.37,139.69,26059.0,29618.0,4297.0,0.897
2021-06-20,Massachusetts,8656159.0,9628260.0,4787269.0,59.76,125.59,4118721.0,69.46,139.69,18082.0,28091.0,4076.0,0.899
2021-06-21,Massachusetts,8680160.0,9628260.0,4795585.0,60.0,125.94,4135231.0,69.58,139.69,24001.0,28157.0,4085.0,0.902
2021-06-22,Massachusetts,8690573.0,9638840.0,4799195.0,60.1,126.09,4142425.0,69.63,139.85,10413.0,25891.0,3756.0,0.902
2021-06-23,Massachusetts,8703696.0,9659030.0,4804562.0,60.22,126.28,4150849.0,69.71,140.14,13123.0,27738.0,4024.0,0.901
2021-06-24,Massachusetts,8721461.0,9663570.0,4812795.0,60.37,126.54,4161157.0,69.83,140.2,17765.0,18994.0,2756.0,0.903
2021-06-25,Massachusetts,8738448.0,9703020.0,4819034.0,60.53,126.78,4172198.0,69.92,140.78,16987.0,18061.0,2620.0,0.901
2021-06-26,Massachusetts,8757305.0,9720330.0,4826462.0,60.71,127.06,4184415.0,70.02,141.03,18857.0,17033.0,2471.0,0.901
2021-06-27,Massachusetts,8781036.0,9720330.0,4834207.0,60.95,127.4,4201264.0,70.14,141.03,23731.0,17840.0,2588.0,0.903
2021-06-28,Massachusetts,8817823.0,9720330.0,4841548.0,61.39,127.93,4231495.0,70.24,141.03,36787.0,19666.0,2853.0,0.907
2021-06-29,Massachusetts,8825910.0,9743580.0,4844943.0,61.47,128.05,4236614.0,70.29,141.36,8087.0,19334.0,2805.0,0.906
2021-06-30,Massachusetts,8836836.0,9744840.0,4850685.0,61.57,128.21,4243952.0,70.38,141.38,10926.0,19020.0,2760.0,0.907
2021-07-01,Massachusetts,8858362.0,9748600.0,4860438.0,61.76,128.52,4256952.0,70.52,141.44,21526.0,19557.0,2837.0,0.909
2021-07-02,Massachusetts,8872678.0,9756320.0,4866222.0,61.89,128.73,4265826.0,70.6,141.55,14316.0,19176.0,2782.0,0.909
2021-07-03,Massachusetts,8884607.0,9759160.0,4871647.0,62.0,128.9,4273059.0,70.68,141.59,11929.0,18186.0,2639.0,0.91
2021-07-04,Massachusetts,8895919.0,9759160.0,4876852.0,62.09,129.07,4279772.0,70.76,141.59,11312.0,16412.0,2381.0,0.912
2021-07-07,Massachusetts,8912911.0,9759160.0,4885121.0,62.23,129.31,4289397.0,70.88,141.59,2800.0,10868.0,1577.0,0.913
2021-07-08,Massachusetts,8924358.0,9806970.0,4890461.0,62.33,129.48,4296281.0,70.95,142.28,11447.0,9428.0,1368.0,0.91
2021-07-09,Massachusetts,8935208.0,9820840.0,4895610.0,62.43,129.64,4302687.0,71.03,142.49,10850.0,8933.0,1296.0,0.91
2021-07-10,Massachusetts,8945400.0,9829100.0,4900571.0,62.51,129.78,4308593.0,71.1,142.61,10192.0,8685.0,1260.0,0.91
2021-07-11,Massachusetts,8956083.0,9829100.0,4905696.0,62.6,129.94,4314785.0,71.17,142.61,10683.0,8595.0,1247.0,0.911
2021-07-12,Massachusetts,8964786.0,9829100.0,4910031.0,62.67,130.07,4319743.0,71.24,142.61,8703.0,8824.0,1280.0,0.912
2021-07-13,Massachusetts,8971161.0,9830140.0,4913377.0,62.72,130.16,4323187.0,71.29,142.62,6375.0,8721.0,1265.0,0.913
2021-07-14,Massachusetts,8978844.0,9838940.0,4917076.0,62.79,130.27,4327499.0,71.34,142.75,7683.0,9419.0,1367.0,0.913
2021-07-15,Massachusetts,8989629.0,9845280.0,4922476.0,62.87,130.43,4333539.0,71.42,142.84,10785.0,9324.0,1353.0,0.913
2021-07-16,Massachusetts,9000571.0,9859280.0,4928332.0,62.96,130.58,4339280.0,71.5,143.04,10942.0,9338.0,1355.0,0.913
2021-07-17,Massachusetts,9010254.0,9861560.0,4933182.0,63.04,130.73,4344836.0,71.57,143.08,9683.0,9265.0,1344.0,0.914
2021-07-18,Massachusetts,9019298.0,9861560.0,4937786.0,63.11,130.86,4349706.0,71.64,143.08,9044.0,9031.0,1310.0,0.915
2021-07-19,Massachusetts,9027305.0,9862460.0,4941913.0,63.17,130.97,4354005.0,71.7,143.09,8007.0,8931.0,1296.0,0.915
2021-07-20,Massachusetts,9032607.0,9875030.0,4945140.0,63.21,131.05,4357007.0,71.75,143.27,5302.0,8778.0,1274.0,0.915
2021-07-21,Massachusetts,9040501.0,9889500.0,4949453.0,63.27,131.16,4360913.0,71.81,143.48,7894.0,8808.0,1278.0,0.914
2021-07-22,Massachusetts,9051266.0,9914320.0,4955347.0,63.35,131.32,4366341.0,71.89,143.84,10765.0,8805.0,1277.0,0.913
2021-07-23,Massachusetts,9060906.0,9944920.0,4960869.0,63.42,131.46,4371061.0,71.97,144.29,9640.0,8619.0,1250.0,0.911
2021-07-24,Massachusetts,9070698.0,9952860.0,4966743.0,63.48,131.6,4375598.0,72.06,144.4,9792.0,8635.0,1253.0,0.911
2021-07-25,Massachusetts,9080599.0,9952860.0,4972665.0,63.55,131.75,4380110.0,72.15,144.4,9901.0,8757.0,1271.0,0.912
2021-07-26,Massachusetts,9089195.0,9952860.0,4977871.0,63.6,131.87,4383862.0,72.22,144.4,8596.0,8841.0,1283.0,0.913
2021-07-27,Massachusetts,9095143.0,9958230.0,4981696.0,63.64,131.96,4386221.0,72.28,144.48,5948.0,8934.0,1296.0,0.913
2021-07-28,Massachusetts,9102682.0,9964430.0,4986906.0,63.68,132.07,4389137.0,72.35,144.57,7539.0,8883.0,1289.0,0.914
2021-07-29,Massachusetts,9113239.0,9986060.0,4993363.0,63.75,132.22,4393827.0,72.45,144.88,10557.0,8853.0,1284.0,0.913
2021-07-30,Massachusetts,9132974.0,10001900.0,5000631.0,63.87,132.51,4402108.0,72.55,145.11,19735.0,10295.0,1494.0,0.913
2021-07-31,Massachusetts,9143308.0,10011300.0,5007226.0,63.93,132.66,4406452.0,72.65,145.25,10334.0,10373.0,1505.0,0.913
2021-08-01,Massachusetts,9153642.0,10011300.0,5013817.0,64.0,132.81,4410963.0,72.74,145.25,10334.0,10435.0,1514.0,0.914
2021-08-02,Massachusetts,9162697.0,10011300.0,5019695.0,64.05,132.94,4414729.0,72.83,145.25,9055.0,10500.0,1523.0,0.915
2021-08-03,Massachusetts,9168894.0,10017860.0,5023643.0,64.09,133.03,4417348.0,72.89,145.34,6197.0,10536.0,1529.0,0.915
2021-08-04,Massachusetts,9177481.0,10031010.0,5029478.0,64.14,133.15,4420802.0,72.97,145.54,8587.0,10686.0,1550.0,0.915
2021-08-05,Massachusetts,9188927.0,10049120.0,5037007.0,64.21,133.32,4425475.0,73.08,145.8,11446.0,10813.0,1569.0,0.914
2021-08-06,Massachusetts,9199585.0,10064030.0,5044012.0,64.27,133.47,4429815.0,73.18,146.01,10658.0,9516.0,1381.0,0.914
2021-08-07,Massachusetts,9210344.0,10107570.0,5051432.0,64.33,133.63,4433946.0,73.29,146.65,10759.0,9577.0,1389.0,0.911
2021-08-08,Massachusetts,9220250.0,10107570.0,5058110.0,64.39,133.77,4437783.0,73.39,146.65,9906.0,9515.0,1380.0,0.912
2021-08-09,Massachusetts,9228913.0,10107570.0,5063922.0,64.43,133.9,4441091.0,73.47,146.65,8663.0,9459.0,1372.0,0.913
2021-08-10,Massachusetts,9235664.0,10120720.0,5068455.0,64.47,134.0,4443878.0,73.54,146.84,6751.0,9539.0,1384.0,0.913
2021-08-11,Massachusetts,9243823.0,10141180.0,5073659.0,64.53,134.11,4447391.0,73.61,147.13,8159.0,9477.0,1375.0,0.912
2021-08-12,Massachusetts,9253493.0,10158510.0,5079510.0,64.59,134.25,4451811.0,73.7,147.38,9670.0,9224.0,1338.0,0.911
2021-08-13,Massachusetts,9264895.0,10166560.0,5086700.0,64.66,134.42,4456692.0,73.8,147.5,11402.0,9330.0,1354.0,0.911
2021-08-14,Massachusetts,9277892.0,10173240.0,5094960.0,64.74,134.61,4462455.0,73.92,147.6,12997.0,9650.0,1400.0,0.912
2021-08-15,Massachusetts,9277928.0,10173240.0,5095245.0,64.75,134.61,4462638.0,73.92,147.6,36.0,8240.0,1196.0,0.912
2021-08-16,Massachusetts,9296888.0,10173240.0,5106148.0,64.87,134.88,4471245.0,74.08,147.6,18960.0,9711.0,1409.0,0.914
2021-08-17,Massachusetts,9304511.0,10193310.0,5110059.0,64.9,134.99,4473466.0,74.14,147.89,7623.0,9835.0,1427.0,0.913
2021-08-18,Massachusetts,9314110.0,10214800.0,5115413.0,64.96,135.13,4477428.0,74.22,148.2,9599.0,10041.0,1457.0,0.912
2021-08-19,Massachusetts,9327409.0,10252340.0,5122089.0,65.05,135.33,4483417.0,74.31,148.75,13299.0,10559.0,1532.0,0.91
2021-08-20,Massachusetts,9340836.0,10294740.0,5128892.0,65.13,135.52,4489020.0,74.41,149.36,13427.0,10849.0,1574.0,0.907
2021-08-21,Massachusetts,9354657.0,10319790.0,5135462.0,65.21,135.72,4494883.0,74.51,149.72,13821.0,10966.0,1591.0,0.906
2021-08-22,Massachusetts,9367593.0,10319790.0,5141970.0,65.29,135.91,4500056.0,74.6,149.72,12936.0,12809.0,1858.0,0.908
2021-08-23,Massachusetts,9378806.0,10319390.0,5147177.0,65.36,136.07,4504641.0,74.68,149.72,11213.0,11703.0,1698.0,0.909
2021-08-24,Massachusetts,9386189.0,10319390.0,5150705.0,65.4,136.18,4507841.0,74.73,149.72,7383.0,11668.0,1693.0,0.91
2021-08-25,Massachusetts,9395608.0,10329150.0,5155281.0,65.47,136.32,4512471.0,74.8,149.86,9419.0,11643.0,1689.0,0.91
2021-08-26,Massachusetts,9409796.0,10392720.0,5162101.0,65.56,136.52,4518695.0,74.89,150.78,14188.0,11770.0,1708.0,0.905
2021-08-27,Massachusetts,9423531.0,10413560.0,5169064.0,65.64,136.72,4524536.0,75.0,151.09,13735.0,11814.0,1714.0,0.905
2021-08-28,Massachusetts,9437938.0,10439830.0,5175924.0,65.73,136.93,4530728.0,75.09,151.47,14407.0,11897.0,1726.0,0.904
2021-08-29,Massachusetts,9448906.0,10443890.0,5180824.0,65.8,137.09,4535474.0,75.17,151.53,10968.0,11616.0,1685.0,0.905
2021-08-30,Massachusetts,9462566.0,10443890.0,5187189.0,65.9,137.29,4541859.0,75.26,151.53,13660.0,11966.0,1736.0,0.906
2021-08-31,Massachusetts,9472140.0,10462360.0,5191538.0,65.97,137.43,4546662.0,75.32,151.79,9574.0,12279.0,1782.0,0.905
2021-09-01,Massachusetts,9484059.0,10496790.0,5197364.0,66.04,137.6,4552073.0,75.41,152.29,11919.0,12636.0,1833.0,0.904
2021-09-02,Massachusetts,9498168.0,10527670.0,5203995.0,66.13,137.8,4558121.0,75.5,152.74,14109.0,12625.0,1832.0,0.902
2021-09-03,Massachusetts,9513175.0,10547090.0,5211421.0,66.23,138.02,4564718.0,75.61,153.02,15007.0,12806.0,1858.0,0.902
2021-09-04,Massachusetts,9527318.0,10579470.0,5218847.0,66.3,138.23,4569846.0,75.72,153.49,14143.0,12769.0,1853.0,0.901
2021-09-08,Massachusetts,9561681.0,10587460.0,5235029.0,66.52,138.73,4584763.0,75.95,153.61,5757.0,11089.0,1609.0,0.903
2021-09-09,Massachusetts,9568210.0,10618470.0,5237964.0,66.56,138.82,4587929.0,76.0,154.06,6529.0,10006.0,1452.0,0.901
2021-09-10,Massachusetts,9581708.0,10634070.0,5243987.0,66.66,139.02,4594215.0,76.08,154.28,13498.0,9790.0,1420.0,0.901
2021-09-11,Massachusetts,9592732.0,10686870.0,5249204.0,66.72,139.18,4598845.0,76.16,155.05,11024.0,9345.0,1356.0,0.898
2021-09-12,Massachusetts,9604146.0,10685270.0,5254769.0,66.79,139.34,4603589.0,76.24,155.03,11414.0,9613.0,1395.0,0.899
2021-09-13,Massachusetts,9614627.0,10685270.0,5259794.0,66.86,139.49,4608430.0,76.31,155.03,10481.0,9748.0,1414.0,0.9
2021-09-14,Massachusetts,9621566.0,10713980.0,5263507.0,66.91,139.59,4611446.0,76.37,155.44,6939.0,9377.0,1360.0,0.898
2021-09-15,Massachusetts,9629685.0,10735900.0,5267614.0,66.96,139.71,4614981.0,76.43,155.76,8119.0,9715.0,1410.0,0.897
2021-09-16,Massachusetts,9641149.0,10762840.0,5273041.0,67.03,139.88,4620288.0,76.5,156.15,11464.0,10420.0,1512.0,0.896
2021-09-17,Massachusetts,9641592.0,10778340.0,5273666.0,67.04,139.89,4620757.0,76.51,156.38,443.0,8555.0,1241.0,0.895
2021-09-18,Massachusetts,9662587.0,10850990.0,5283098.0,67.18,140.19,4630100.0,76.65,157.43,20995.0,9979.0,1448.0,0.89
2021-09-19,Massachusetts,9673546.0,10841830.0,5288099.0,67.25,140.35,4635058.0,76.72,157.3,10959.0,9914.0,1438.0,0.892
2021-09-20,Massachusetts,9683769.0,10839550.0,5292684.0,67.32,140.5,4640023.0,76.79,157.27,10223.0,9877.0,1433.0,0.893
2021-09-21,Massachusetts,9690737.0,10847280.0,5295737.0,67.37,140.6,4643212.0,76.83,157.38,6968.0,9882.0,1434.0,0.893
2021-09-22,Massachusetts,9700433.0,10858210.0,5300327.0,67.43,140.74,4647710.0,76.9,157.54,9696.0,10107.0,1466.0,0.893
2021-09-23,Massachusetts,9712378.0,10870010.0,5305279.0,67.52,140.91,4653594.0,76.97,157.71,11945.0,10176.0,1476.0,0.894
2021-09-24,Massachusetts,9719832.0,10890360.0,5308536.0,67.56,141.02,4656789.0,77.02,158.0,7454.0,11177.0,1622.0,0.893
2021-09-25,Massachusetts,9731224.0,10906030.0,5313255.0,67.64,141.19,4661876.0,77.09,158.23,11392.0,9805.0,1423.0,0.892
2021-09-26,Massachusetts,9745779.0,10905470.0,5319419.0,67.72,141.4,4667331.0,77.18,158.22,14555.0,10319.0,1497.0,0.894
2021-09-27,Massachusetts,9759052.0,10905750.0,5324389.0,67.78,141.59,4671465.0,77.25,158.23,13273.0,10755.0,1560.0,0.895
2021-09-28,Massachusetts,9769275.0,10913820.0,5327782.0,67.82,141.74,4674172.0,77.3,158.34,10223.0,11220.0,1628.0,0.895
2021-09-29,Massachusetts,9784444.0,10922990.0,5333072.0,67.86,141.96,4677292.0,77.37,158.48,15169.0,12002.0,1741.0,0.896
2021-09-30,Massachusetts,9798631.0,10912750.0,5337723.0,67.9,142.16,4679810.0,77.44,158.33,14187.0,12322.0,1788.0,0.898
2021-10-01,Massachusetts,9811783.0,10958610.0,5342090.0,67.94,142.35,4682802.0,77.51,158.99,13152.0,13136.0,1906.0,0.895
2021-10-02,Massachusetts,9819970.0,10989900.0,5345253.0,67.98,142.47,4685444.0,77.55,159.45,8187.0,12678.0,1839.0,0.894
2021-10-03,Massachusetts,9854121.0,11005590.0,5355092.0,68.08,142.97,4692131.0,77.69,159.67,34151.0,15477.0,2245.0,0.895
2021-10-04,Massachusetts,9890069.0,11005590.0,5365226.0,68.19,143.49,4699658.0,77.84,159.67,35948.0,18717.0,2716.0,0.899
2021-10-05,Massachusetts,9899821.0,11027240.0,5368190.0,68.22,143.63,4702253.0,77.88,159.99,9752.0,18649.0,2706.0,0.898
2021-10-06,Massachusetts,9914040.0,11055410.0,5372941.0,68.27,143.84,4705581.0,77.95,160.4,14219.0,18514.0,2686.0,0.897
2021-10-07,Massachusetts,9927382.0,11096200.0,5377244.0,68.31,144.03,4708171.0,78.02,160.99,13342.0,18393.0,2669.0,0.895
2021-10-08,Massachusetts,9954959.0,11177680.0,5385539.0,68.4,144.43,4714276.0,78.14,162.17,27577.0,20454.0,2968.0,0.891
2021-10-09,Massachusetts,9975562.0,11242770.0,5391906.0,68.46,144.73,4718361.0,78.23,163.12,20603.0,22227.0,3225.0,0.887
2021-10-13,Massachusetts,10027933.0,11297760.0,5408365.0,68.63,145.49,4730000.0,78.47,163.91,8740.0,16270.0,2361.0,0.888
2021-10-14,Massachusetts,10051914.0,11359810.0,5415132.0,68.7,145.84,4735074.0,78.57,164.81,23981.0,17790.0,2581.0,0.885
2021-10-15,Massachusetts,10073913.0,11382420.0,5421487.0,68.77,146.16,4739680.0,78.66,165.14,21999.0,16993.0,2465.0,0.885
2021-10-16,Massachusetts,10091008.0,11428890.0,5426359.0,68.82,146.41,4743173.0,78.73,165.82,17095.0,16492.0,2393.0,0.883
2021-10-17,Massachusetts,10114825.0,11427050.0,5433050.0,68.89,146.75,4748401.0,78.83,165.79,23817.0,17817.0,2585.0,0.885
2021-10-18,Massachusetts,10130860.0,11427050.0,5437781.0,68.95,146.98,4752176.0,78.89,165.79,16035.0,18030.0,2616.0,0.887
2021-10-19,Massachusetts,10138795.0,11456890.0,5440788.0,68.98,147.1,4754331.0,78.94,166.22,7935.0,17086.0,2479.0,0.885
2021-10-20,Massachusetts,10157403.0,11483550.0,5446232.0,69.04,147.37,4758303.0,79.02,166.61,18608.0,18496.0,2683.0,0.885
2021-10-21,Massachusetts,10178352.0,11543950.0,5452186.0,69.09,147.67,4762192.0,79.1,167.49,20949.0,18063.0,2621.0,0.882
2021-10-22,Massachusetts,10204856.0,11621650.0,5466110.0,69.22,148.06,4771028.0,79.31,168.61,26504.0,18706.0,2714.0,0.878
2021-10-23,Massachusetts,10223552.0,11641560.0,5471378.0,69.27,148.33,4774540.0,79.38,168.9,18696.0,18935.0,2747.0,0.878
2021-10-24,Massachusetts,10245452.0,11646710.0,5476853.0,69.32,148.65,4778069.0,79.46,168.98,21900.0,18661.0,2707.0,0.88
2021-10-25,Massachusetts,10260823.0,11646150.0,5481154.0,69.36,148.87,4780386.0,79.52,168.97,15371.0,18566.0,2694.0,0.881
2021-10-26,Massachusetts,10275420.0,11667690.0,5485304.0,69.38,149.08,4782361.0,79.58,169.28,14597.0,19518.0,2832.0,0.881
2021-10-27,Massachusetts,10300165.0,11741180.0,5492125.0,69.43,149.44,4785508.0,79.68,170.35,24745.0,20395.0,2959.0,0.877
2021-10-28,Massachusetts,10356035.0,11807440.0,5505793.0,69.51,150.25,4791152.0,79.88,171.31,55870.0,25383.0,3683.0,0.877
2021-10-29,Massachusetts,10392465.0,11899300.0,5515009.0,69.57,150.78,4795313.0,80.01,172.64,36430.0,26801.0,3888.0,0.873
2021-10-30,Massachusetts,10425045.0,12061430.0,5523036.0,69.62,151.25,4798860.0,80.13,174.99,32580.0,28785.0,4176.0,0.864
2021-10-31,Massachusetts,10464368.0,12061860.0,5531884.0,69.69,151.82,4803060.0,80.26,175.0,39323.0,31274.0,4537.0,0.868
2021-11-01,Massachusetts,10497183.0,12060960.0,5540060.0,69.74,152.3,4806490.0,80.38,174.99,32815.0,33766.0,4899.0,0.87
2021-11-02,Massachusetts,10514213.0,12157720.0,5544967.0,69.76,152.55,4808517.0,80.45,176.39,17030.0,34113.0,4949.0,0.865
2021-01-13,Mississippi,61289.0,218825.0,51588.0,0.19,2.06,5722.0,1.73,7.35,6745.0,6745.0,2266.0,0.28
2021-01-15,Mississippi,84328.0,233550.0,75885.0,0.28,2.83,8396.0,2.55,7.85,12480.0,9928.0,3336.0,0.361
2021-01-20,Mississippi,122586.0,307950.0,112525.0,0.34,4.12,9979.0,3.78,10.35,9014.0,8757.0,2942.0,0.398
2021-01-21,Mississippi,136691.0,334800.0,124931.0,0.39,4.59,11567.0,4.2,11.25,14105.0,9263.0,3112.0,0.408
2021-01-22,Mississippi,150524.0,346400.0,136902.0,0.45,5.06,13423.0,4.6,11.64,13833.0,9457.0,3178.0,0.435
2021-01-23,Mississippi,150524.0,358100.0,136902.0,0.45,5.06,13423.0,4.6,12.03,0.0,8412.0,2826.0,0.42
2021-01-24,Mississippi,177636.0,358100.0,161507.0,0.53,5.97,15918.0,5.43,12.03,27112.0,11241.0,3777.0,0.496
2021-01-25,Mississippi,180960.0,358100.0,164715.0,0.54,6.08,16034.0,5.53,12.03,3324.0,10671.0,3586.0,0.505
2021-01-26,Mississippi,182013.0,372050.0,165668.0,0.54,6.12,16134.0,5.57,12.5,1053.0,9777.0,3285.0,0.489
2021-01-27,Mississippi,190239.0,396550.0,172522.0,0.59,6.39,17499.0,5.8,13.32,8226.0,9665.0,3247.0,0.48
2021-01-28,Mississippi,201247.0,418050.0,181550.0,0.65,6.76,19475.0,6.1,14.05,11008.0,9222.0,3099.0,0.481
2021-01-29,Mississippi,212748.0,425000.0,191145.0,0.72,7.15,21354.0,6.42,14.28,11501.0,8889.0,2987.0,0.501
2021-01-30,Mississippi,222487.0,425000.0,199419.0,0.77,7.48,22816.0,6.7,14.28,9739.0,10280.0,3454.0,0.523
2021-01-31,Mississippi,236401.0,425000.0,211689.0,0.82,7.94,24455.0,7.11,14.28,13914.0,8395.0,2821.0,0.556
2021-02-01,Mississippi,238859.0,425000.0,213525.0,0.84,8.03,25077.0,7.17,14.28,2458.0,8271.0,2779.0,0.562
2021-02-02,Mississippi,240125.0,438100.0,214460.0,0.85,8.07,25408.0,7.21,14.72,1266.0,8302.0,2790.0,0.548
2021-02-03,Mississippi,250905.0,484850.0,222860.0,0.93,8.43,27786.0,7.49,16.29,10780.0,8667.0,2912.0,0.517
2021-02-04,Mississippi,250905.0,494975.0,222860.0,0.93,8.43,27786.0,7.49,16.63,0.0,7094.0,2384.0,0.507
2021-02-05,Mississippi,275884.0,495950.0,238039.0,1.26,9.27,37572.0,8.0,16.66,24979.0,9019.0,3030.0,0.556
2021-02-06,Mississippi,300464.0,515450.0,252569.0,1.6,10.1,47607.0,8.49,17.32,24580.0,11140.0,3743.0,0.583
2021-02-07,Mississippi,321032.0,515450.0,264586.0,1.89,10.79,56140.0,8.89,17.32,20568.0,12090.0,4062.0,0.623
2021-02-08,Mississippi,327429.0,515450.0,267797.0,1.99,11.0,59325.0,9.0,17.32,6397.0,12653.0,4251.0,0.635
2021-02-09,Mississippi,329079.0,536625.0,268534.0,2.02,11.06,60237.0,9.02,18.03,1650.0,12708.0,4270.0,0.613
2021-02-10,Mississippi,345507.0,570075.0,277287.0,2.28,11.61,67829.0,9.32,19.15,16428.0,13515.0,4541.0,0.606
2021-02-11,Mississippi,365400.0,601625.0,286055.0,2.65,12.28,78802.0,9.61,20.21,19893.0,16356.0,5496.0,0.607
2021-02-12,Mississippi,386333.0,609025.0,296066.0,3.01,12.98,89697.0,9.95,20.46,20933.0,15778.0,5301.0,0.634
2021-02-13,Mississippi,407723.0,613900.0,303627.0,3.48,13.7,103462.0,10.2,20.63,21390.0,15323.0,5149.0,0.664
2021-02-14,Mississippi,427198.0,614100.0,312244.0,3.84,14.35,114284.0,10.49,20.63,19475.0,15167.0,5096.0,0.696
2021-02-17,Mississippi,438364.0,614100.0,318006.0,4.02,14.73,119684.0,10.69,20.63,0.0,13265.0,4457.0,0.714
2021-02-18,Mississippi,438364.0,616050.0,318006.0,4.02,14.73,119684.0,10.69,20.7,0.0,10423.0,3502.0,0.712
2021-02-19,Mississippi,474304.0,647825.0,341669.0,4.43,15.94,131916.0,11.48,21.77,35940.0,12567.0,4223.0,0.732
2021-02-20,Mississippi,481424.0,650750.0,345108.0,4.56,16.18,135591.0,11.6,21.87,7120.0,10529.0,3538.0,0.74
2021-02-21,Mississippi,491117.0,650750.0,349797.0,4.72,16.5,140550.0,11.75,21.87,9693.0,9131.0,3068.0,0.755
2021-02-22,Mississippi,499055.0,650750.0,356924.0,4.98,16.77,148214.0,11.99,21.87,7938.0,9468.0,3181.0,0.767
2021-02-23,Mississippi,505655.0,720795.0,360349.0,5.09,16.99,151492.0,12.11,24.22,6600.0,9613.0,3230.0,0.702
2021-02-24,Mississippi,525462.0,767265.0,368736.0,5.46,17.66,162441.0,12.39,25.78,19807.0,12443.0,4181.0,0.685
2021-02-25,Mississippi,525981.0,801035.0,369045.0,5.48,17.67,163033.0,12.4,26.92,519.0,12517.0,4206.0,0.657
2021-02-26,Mississippi,567276.0,842935.0,387299.0,6.23,19.06,185527.0,13.01,28.32,41295.0,13282.0,4463.0,0.673
2021-02-27,Mississippi,593453.0,869955.0,401141.0,6.65,19.94,197908.0,13.48,29.23,26177.0,16004.0,5377.0,0.682
2021-02-28,Mississippi,619251.0,869955.0,413930.0,7.08,20.81,210798.0,13.91,29.23,25798.0,18305.0,6151.0,0.712
2021-03-01,Mississippi,637116.0,869955.0,422306.0,7.39,21.41,220044.0,14.19,29.23,17865.0,19723.0,6627.0,0.732
2021-03-02,Mississippi,646440.0,898945.0,427476.0,7.53,21.72,224099.0,14.36,30.2,9324.0,20112.0,6758.0,0.719
2021-03-03,Mississippi,665772.0,942435.0,438143.0,7.81,22.37,232494.0,14.72,31.67,19332.0,20044.0,6735.0,0.706
2021-03-04,Mississippi,685610.0,1005145.0,448882.0,8.11,23.04,241445.0,15.08,33.77,19838.0,22804.0,7662.0,0.682
2021-03-05,Mississippi,710560.0,1059665.0,463252.0,8.46,23.88,251916.0,15.57,35.61,24950.0,20469.0,6878.0,0.671
2021-03-06,Mississippi,736826.0,1067855.0,480626.0,8.73,24.76,259941.0,16.15,35.88,26266.0,20482.0,6882.0,0.69
2021-03-07,Mississippi,764699.0,1067855.0,498585.0,9.05,25.69,269236.0,16.75,35.88,27873.0,20778.0,6982.0,0.716
2021-03-08,Mississippi,776272.0,1067855.0,506410.0,9.37,26.08,278797.0,17.02,35.88,11573.0,19879.0,6679.0,0.727
2021-03-09,Mississippi,780649.0,1089955.0,509358.0,9.42,26.23,280373.0,17.11,36.62,4377.0,19173.0,6442.0,0.716
2021-03-10,Mississippi,801306.0,1147355.0,523070.0,9.74,26.92,289830.0,17.58,38.55,20657.0,19362.0,6506.0,0.698
2021-03-11,Mississippi,823604.0,1195775.0,538774.0,10.03,27.67,298373.0,18.1,40.18,22298.0,19713.0,6624.0,0.689
2021-03-12,Mississippi,824528.0,1218895.0,539704.0,10.04,27.7,298916.0,18.13,40.96,924.0,16281.0,5470.0,0.676
2021-03-13,Mississippi,896984.0,1239205.0,589064.0,10.96,30.14,326150.0,19.79,41.64,72456.0,22880.0,7688.0,0.724
2021-03-14,Mississippi,896984.0,1239205.0,589211.0,10.96,30.14,326212.0,19.8,41.64,0.0,18898.0,6350.0,0.724
2021-03-15,Mississippi,904066.0,1239205.0,593525.0,11.06,30.38,329254.0,19.94,41.64,7082.0,18256.0,6134.0,0.73
2021-03-16,Mississippi,906140.0,1249855.0,595233.0,11.08,30.45,329647.0,20.0,42.0,2074.0,17927.0,6024.0,0.725
2021-03-17,Mississippi,921413.0,1314855.0,604746.0,11.28,30.96,335856.0,20.32,44.18,15273.0,17158.0,5765.0,0.701
2021-03-18,Mississippi,940902.0,1367555.0,617430.0,11.53,31.61,343155.0,20.75,45.95,19489.0,16757.0,5630.0,0.688
2021-03-19,Mississippi,948679.0,1393855.0,623350.0,11.62,31.88,345733.0,20.94,46.83,7777.0,17736.0,5959.0,0.681
2021-03-20,Mississippi,972123.0,1418475.0,637529.0,11.95,32.66,355649.0,21.42,47.66,23444.0,10734.0,3607.0,0.685
2021-03-21,Mississippi,996498.0,1418475.0,652213.0,12.3,33.48,366074.0,21.91,47.66,24375.0,14216.0,4777.0,0.703
2021-03-22,Mississippi,1002292.0,1418475.0,655574.0,12.4,33.68,368968.0,22.03,47.66,5794.0,14032.0,4715.0,0.707
2021-03-23,Mississippi,1004562.0,1441325.0,656843.0,12.44,33.75,370096.0,22.07,48.43,2270.0,14060.0,4724.0,0.697
2021-03-24,Mississippi,1025205.0,1502835.0,666971.0,12.78,34.45,380419.0,22.41,50.5,20643.0,14827.0,4982.0,0.682
2021-03-25,Mississippi,1049528.0,1557815.0,679635.0,13.19,35.26,392516.0,22.84,52.34,24323.0,15518.0,5214.0,0.674
2021-03-26,Mississippi,1050114.0,1594445.0,680180.0,13.21,35.28,393105.0,22.85,53.57,586.0,14491.0,4869.0,0.659
2021-03-27,Mississippi,1092577.0,1614655.0,703555.0,13.9,36.71,413621.0,23.64,54.25,42463.0,17208.0,5782.0,0.677
2021-03-28,Mississippi,1094028.0,1614655.0,704342.0,13.94,36.76,414910.0,23.67,54.25,1451.0,13933.0,4682.0,0.678
2021-03-29,Mississippi,1134229.0,1614655.0,722545.0,14.71,38.11,437795.0,24.28,54.25,40201.0,18848.0,6333.0,0.702
2021-03-30,Mississippi,1137212.0,1629955.0,724564.0,14.76,38.21,439203.0,24.35,54.77,2983.0,18950.0,6367.0,0.698
2021-03-31,Mississippi,1158505.0,1698485.0,734671.0,15.15,38.93,450944.0,24.69,57.07,21293.0,19043.0,6399.0,0.682
2021-04-01,Mississippi,1160150.0,1778095.0,735846.0,15.19,38.98,452143.0,24.72,59.74,1645.0,15803.0,5310.0,0.652
2021-04-02,Mississippi,1189395.0,1806235.0,748540.0,15.78,39.96,469781.0,25.15,60.69,29245.0,19897.0,6685.0,0.658
2021-04-03,Mississippi,1216256.0,1843015.0,760076.0,16.34,40.87,486269.0,25.54,61.93,26861.0,17668.0,5937.0,0.66
2021-04-04,Mississippi,1240970.0,1843015.0,770946.0,16.82,41.7,500469.0,25.9,61.93,24714.0,20992.0,7053.0,0.673
2021-04-05,Mississippi,1241033.0,1843015.0,771190.0,16.82,41.7,500607.0,25.91,61.93,63.0,15258.0,5127.0,0.673
2021-04-06,Mississippi,1248545.0,1877585.0,774420.0,16.95,41.95,504324.0,26.02,63.09,7512.0,15905.0,5344.0,0.665
2021-04-07,Mississippi,1267121.0,1959355.0,782672.0,17.32,42.58,515423.0,26.3,65.84,18576.0,15517.0,5214.0,0.647
2021-04-08,Mississippi,1289701.0,2005305.0,793569.0,17.77,43.33,528936.0,26.66,67.38,22580.0,18507.0,6218.0,0.643
2021-04-09,Mississippi,1312516.0,2031745.0,805698.0,18.19,44.1,541374.0,27.07,68.27,22815.0,17589.0,5910.0,0.646
2021-04-10,Mississippi,1337659.0,2074625.0,817143.0,18.7,44.95,556642.0,27.46,69.71,25143.0,17343.0,5827.0,0.645
2021-04-11,Mississippi,1363366.0,2074625.0,829854.0,19.2,45.81,571472.0,27.88,69.71,25707.0,17485.0,5875.0,0.657
2021-04-12,Mississippi,1363558.0,2074625.0,830197.0,19.21,45.82,571808.0,27.9,69.71,192.0,17504.0,5881.0,0.657
2021-04-13,Mississippi,1372977.0,2104535.0,835329.0,19.38,46.13,576869.0,28.07,70.71,9419.0,17776.0,5973.0,0.652
2021-04-14,Mississippi,1392708.0,2119115.0,844054.0,19.79,46.8,588887.0,28.36,71.2,19731.0,17941.0,6028.0,0.657
2021-04-15,Mississippi,1410771.0,2153055.0,851908.0,20.14,47.4,599482.0,28.62,72.34,18063.0,17296.0,5812.0,0.655
2021-04-16,Mississippi,1429671.0,2213315.0,859885.0,20.51,48.04,610460.0,28.89,74.37,18900.0,16736.0,5623.0,0.646
2021-04-17,Mississippi,1430205.0,2246015.0,860361.0,20.53,48.06,611057.0,28.91,75.47,534.0,13221.0,4442.0,0.637
2021-04-18,Mississippi,1466965.0,2246015.0,875338.0,21.26,49.29,632832.0,29.41,75.47,36760.0,14800.0,4973.0,0.653
2021-04-19,Mississippi,1467335.0,2246015.0,875596.0,21.28,49.3,633227.0,29.42,75.47,370.0,14825.0,4981.0,0.653
2021-04-20,Mississippi,1473438.0,2256545.0,878231.0,21.39,49.51,636577.0,29.51,75.82,6103.0,14352.0,4822.0,0.653
2021-04-21,Mississippi,1486937.0,2298885.0,883421.0,21.67,49.96,644899.0,29.68,77.24,13499.0,13461.0,4523.0,0.647
2021-04-22,Mississippi,1503377.0,2343765.0,892394.0,21.92,50.51,652463.0,29.98,78.75,16440.0,13229.0,4445.0,0.641
2021-04-23,Mississippi,1518877.0,2357695.0,897932.0,22.26,51.03,662463.0,30.17,79.22,15500.0,12744.0,4282.0,0.644
2021-04-24,Mississippi,1519349.0,2381005.0,898385.0,22.28,51.05,662955.0,30.19,80.0,472.0,12735.0,4279.0,0.638
2021-04-25,Mississippi,1520594.0,2381005.0,898809.0,22.32,51.09,664261.0,30.2,80.0,1245.0,7661.0,2574.0,0.639
2021-04-26,Mississippi,1520706.0,2381005.0,898947.0,22.33,51.1,664461.0,30.21,80.0,112.0,7624.0,2562.0,0.639
2021-04-27,Mississippi,1555424.0,2382275.0,911491.0,23.04,52.26,685690.0,30.63,80.05,34718.0,11712.0,3935.0,0.653
2021-04-28,Mississippi,1564991.0,2391815.0,914846.0,23.25,52.58,691913.0,30.74,80.37,9567.0,11151.0,3747.0,0.654
2021-04-29,Mississippi,1565428.0,2415815.0,915125.0,23.27,52.6,692450.0,30.75,81.17,437.0,8864.0,2978.0,0.648
2021-04-30,Mississippi,1591206.0,2433685.0,925448.0,23.78,53.47,707684.0,31.1,81.77,25778.0,10333.0,3472.0,0.654
2021-05-01,Mississippi,1591494.0,2464025.0,925776.0,23.79,53.47,707954.0,31.11,82.79,288.0,10306.0,3463.0,0.646
2021-05-02,Mississippi,1591895.0,2465195.0,926007.0,23.8,53.49,708343.0,31.11,82.83,401.0,10186.0,3423.0,0.646
2021-05-03,Mississippi,1591997.0,2465195.0,926138.0,23.81,53.49,708566.0,31.12,82.83,102.0,10184.0,3422.0,0.646
2021-05-04,Mississippi,1616672.0,2468665.0,935532.0,24.32,54.32,723710.0,31.43,82.95,24675.0,8750.0,2940.0,0.655
2021-05-05,Mississippi,1625364.0,2473465.0,939012.0,24.49,54.61,728948.0,31.55,83.11,8692.0,8625.0,2898.0,0.657
2021-05-06,Mississippi,1626229.0,2476805.0,939823.0,24.52,54.64,729619.0,31.58,83.22,865.0,8686.0,2919.0,0.657
2021-05-07,Mississippi,1646019.0,2490385.0,947646.0,24.92,55.31,741553.0,31.84,83.68,19790.0,7830.0,2631.0,0.661
2021-05-08,Mississippi,1655408.0,2496365.0,951358.0,25.11,55.62,747305.0,31.97,83.88,9389.0,9131.0,3068.0,0.663
2021-05-09,Mississippi,1655785.0,2496365.0,951726.0,25.13,55.64,747819.0,31.98,83.88,377.0,9127.0,3067.0,0.663
2021-05-10,Mississippi,1655786.0,2496365.0,951856.0,25.13,55.64,747996.0,31.98,83.88,1.0,9113.0,3062.0,0.663
2021-05-11,Mississippi,1674202.0,2503565.0,959682.0,25.49,56.25,758688.0,32.25,84.12,18416.0,8219.0,2762.0,0.669
2021-05-12,Mississippi,1674464.0,2517255.0,959905.0,25.5,56.26,759007.0,32.25,84.58,262.0,7014.0,2357.0,0.665
2021-05-13,Mississippi,1674671.0,2520735.0,960093.0,25.51,56.27,759328.0,32.26,84.7,207.0,6920.0,2325.0,0.664
2021-05-14,Mississippi,1687547.0,2526875.0,965569.0,25.77,56.7,766964.0,32.44,84.9,12876.0,5933.0,1994.0,0.668
2021-05-15,Mississippi,1687852.0,2529915.0,965874.0,25.78,56.71,767334.0,32.45,85.01,305.0,4635.0,1557.0,0.667
2021-05-16,Mississippi,1688182.0,2529915.0,966159.0,25.79,56.72,767645.0,32.46,85.01,330.0,4628.0,1555.0,0.667
2021-05-17,Mississippi,1688183.0,2529915.0,966236.0,25.8,56.72,767726.0,32.47,85.01,1.0,4628.0,1555.0,0.667
2021-05-18,Mississippi,1708451.0,2539975.0,975579.0,26.16,57.4,778532.0,32.78,85.34,20268.0,4893.0,1644.0,0.673
2021-05-19,Mississippi,1713252.0,2544285.0,978175.0,26.24,57.57,780885.0,32.87,85.49,4801.0,5541.0,1862.0,0.673
2021-05-20,Mississippi,1721447.0,2550405.0,983206.0,26.36,57.84,784434.0,33.04,85.69,8195.0,6682.0,2245.0,0.675
2021-05-21,Mississippi,1728335.0,2562535.0,987315.0,26.46,58.07,787599.0,33.17,86.1,6888.0,5827.0,1958.0,0.674
2021-05-22,Mississippi,1728662.0,2571575.0,987702.0,26.47,58.08,787935.0,33.19,86.41,327.0,5830.0,1959.0,0.672
2021-05-23,Mississippi,1728967.0,2571575.0,988028.0,26.48,58.09,788181.0,33.2,86.41,305.0,5826.0,1958.0,0.672
2021-05-24,Mississippi,1728995.0,2571575.0,988125.0,26.49,58.1,788267.0,33.2,86.41,28.0,5830.0,1959.0,0.672
2021-05-25,Mississippi,1751351.0,2572375.0,1000465.0,26.82,58.85,798278.0,33.62,86.43,22356.0,6129.0,2059.0,0.681
2021-05-26,Mississippi,1756467.0,2573115.0,1003218.0,26.91,59.02,800835.0,33.71,86.46,5116.0,6174.0,2074.0,0.683
2021-05-27,Mississippi,1756662.0,2575215.0,1003507.0,26.92,59.02,801053.0,33.72,86.53,195.0,5031.0,1690.0,0.682
2021-05-28,Mississippi,1768990.0,2575515.0,1010192.0,27.11,59.44,806876.0,33.94,86.54,12328.0,5808.0,1952.0,0.687
2021-05-29,Mississippi,1769429.0,2596955.0,1010540.0,27.12,59.45,807246.0,33.95,87.26,439.0,5824.0,1957.0,0.681
2021-05-30,Mississippi,1769522.0,2596955.0,1010751.0,27.13,59.46,807420.0,33.96,87.26,93.0,5794.0,1947.0,0.681
2021-06-02,Mississippi,1786563.0,2596955.0,1019870.0,27.41,60.03,815643.0,34.27,87.26,17036.0,4299.0,1444.0,0.688
2021-06-03,Mississippi,1790189.0,2599155.0,1021475.0,27.48,60.15,817730.0,34.32,87.33,3626.0,4790.0,1609.0,0.689
2021-06-04,Mississippi,1790337.0,2603175.0,1021690.0,27.48,60.16,817913.0,34.33,87.47,148.0,3050.0,1025.0,0.688
2021-06-05,Mississippi,1790554.0,2615055.0,1021870.0,27.49,60.16,818190.0,34.34,87.87,217.0,3018.0,1014.0,0.685
2021-06-06,Mississippi,1790598.0,2615055.0,1021957.0,27.49,60.16,818263.0,34.34,87.87,44.0,3011.0,1012.0,0.685
2021-06-07,Mississippi,1790973.0,2615055.0,1022358.0,27.5,60.18,818453.0,34.35,87.87,375.0,3064.0,1030.0,0.685
2021-06-08,Mississippi,1813214.0,2615615.0,1033418.0,27.87,60.92,829459.0,34.72,87.89,22241.0,6241.0,2097.0,0.693
2021-06-09,Mississippi,1817502.0,2615615.0,1035548.0,27.95,61.07,831766.0,34.79,87.89,4288.0,4420.0,1485.0,0.695
2021-06-10,Mississippi,1822981.0,2615915.0,1038079.0,28.05,61.25,834928.0,34.88,87.9,5479.0,4685.0,1574.0,0.697
2021-06-11,Mississippi,1823040.0,2619675.0,1038107.0,28.06,61.25,835006.0,34.88,88.02,59.0,4672.0,1570.0,0.696
2021-06-12,Mississippi,1823210.0,2622255.0,1038323.0,28.06,61.26,835243.0,34.89,88.11,170.0,4665.0,1567.0,0.695
2021-06-13,Mississippi,1823454.0,2622255.0,1038554.0,28.07,61.27,835528.0,34.9,88.11,244.0,4694.0,1577.0,0.695
2021-06-14,Mississippi,1823710.0,2622255.0,1038817.0,28.09,61.28,836056.0,34.9,88.11,256.0,4677.0,1571.0,0.695
2021-06-15,Mississippi,1844136.0,2623525.0,1047518.0,28.49,61.96,848045.0,35.2,88.15,20426.0,4417.0,1484.0,0.703
2021-06-16,Mississippi,1844191.0,2623625.0,1047616.0,28.5,61.97,848221.0,35.2,88.16,55.0,3813.0,1281.0,0.703
2021-06-17,Mississippi,1856117.0,2625365.0,1052092.0,28.75,62.37,855639.0,35.35,88.21,11926.0,4734.0,1591.0,0.707
2021-06-18,Mississippi,1861193.0,2627385.0,1054379.0,28.85,62.54,858625.0,35.43,88.28,5076.0,5450.0,1831.0,0.708
2021-06-19,Mississippi,1861457.0,2643905.0,1054615.0,28.86,62.55,858919.0,35.44,88.84,264.0,5464.0,1836.0,0.704
2021-06-20,Mississippi,1861491.0,2643905.0,1054746.0,28.86,62.55,859040.0,35.44,88.84,34.0,5434.0,1826.0,0.704
2021-06-21,Mississippi,1861535.0,2643905.0,1054852.0,28.87,62.55,859124.0,35.44,88.84,44.0,5404.0,1816.0,0.704
2021-06-22,Mississippi,1876189.0,2644245.0,1061406.0,29.13,63.04,866979.0,35.66,88.85,14654.0,4579.0,1539.0,0.71
2021-06-23,Mississippi,1879002.0,2644585.0,1062892.0,29.18,63.14,868456.0,35.71,88.86,2813.0,4973.0,1671.0,0.711
2021-06-24,Mississippi,1879230.0,2644985.0,1063172.0,29.19,63.14,868653.0,35.72,88.87,228.0,3302.0,1109.0,0.71
2021-06-25,Mississippi,1887194.0,2650035.0,1067325.0,29.32,63.41,872662.0,35.86,89.04,7964.0,3714.0,1248.0,0.712
2021-06-26,Mississippi,1887336.0,2659815.0,1067486.0,29.33,63.42,872807.0,35.87,89.37,142.0,3697.0,1242.0,0.71
2021-06-27,Mississippi,1887390.0,2659815.0,1067679.0,29.33,63.42,872944.0,35.87,89.37,54.0,3700.0,1243.0,0.71
2021-06-28,Mississippi,1887530.0,2659815.0,1067831.0,29.34,63.42,873179.0,35.88,89.37,140.0,3714.0,1248.0,0.71
2021-06-29,Mississippi,1906488.0,2660115.0,1075286.0,29.71,64.06,884216.0,36.13,89.38,18958.0,4328.0,1454.0,0.717
2021-06-30,Mississippi,1909507.0,2660215.0,1077045.0,29.76,64.16,885782.0,36.19,89.38,3019.0,4358.0,1464.0,0.718
2021-07-01,Mississippi,1913415.0,2660935.0,1079390.0,29.84,64.29,888154.0,36.27,89.41,3908.0,4884.0,1641.0,0.719
2021-07-02,Mississippi,1913578.0,2665455.0,1079572.0,29.85,64.3,888344.0,36.27,89.56,163.0,3769.0,1266.0,0.718
2021-07-03,Mississippi,1913768.0,2671095.0,1080033.0,29.88,64.3,889374.0,36.29,89.75,190.0,3776.0,1269.0,0.716
2021-07-04,Mississippi,1913815.0,2671095.0,1080149.0,29.89,64.31,889476.0,36.29,89.75,47.0,3775.0,1268.0,0.716
2021-07-07,Mississippi,2030833.0,2671095.0,1099284.0,33.19,68.24,987903.0,36.94,89.75,117017.0,17332.0,5824.0,0.76
2021-07-08,Mississippi,2035918.0,2683975.0,1101943.0,33.28,68.41,990469.0,37.03,90.18,5085.0,17500.0,5880.0,0.759
2021-07-09,Mississippi,2039846.0,2688315.0,1104169.0,33.34,68.54,992381.0,37.1,90.33,3928.0,18038.0,6061.0,0.759
2021-07-10,Mississippi,2039976.0,2695965.0,1104341.0,33.35,68.54,992537.0,37.11,90.59,130.0,18030.0,6058.0,0.757
2021-07-11,Mississippi,2040132.0,2695965.0,1104491.0,33.36,68.55,992740.0,37.11,90.59,156.0,18045.0,6063.0,0.757
2021-07-12,Mississippi,2040132.0,2695965.0,1104565.0,33.36,68.55,992795.0,37.11,90.59,0.0,18045.0,6063.0,0.757
2021-07-13,Mississippi,2051000.0,2701255.0,1110542.0,33.52,68.91,997569.0,37.31,90.76,10868.0,19598.0,6585.0,0.759
2021-07-14,Mississippi,2055831.0,2702315.0,1113514.0,33.58,69.08,999432.0,37.41,90.8,4831.0,3571.0,1200.0,0.761
2021-07-15,Mississippi,2060045.0,2703955.0,1116213.0,33.64,69.22,1001141.0,37.51,90.85,4214.0,3447.0,1158.0,0.762
2021-07-16,Mississippi,2060517.0,2709965.0,1116636.0,33.65,69.23,1001468.0,37.52,91.06,472.0,2953.0,992.0,0.76
2021-07-17,Mississippi,2070571.0,2714865.0,1123041.0,33.77,69.57,1005193.0,37.73,91.22,10054.0,4371.0,1469.0,0.763
2021-07-18,Mississippi,2070717.0,2714865.0,1123226.0,33.78,69.58,1005331.0,37.74,91.22,146.0,4369.0,1468.0,0.763
2021-07-19,Mississippi,2070743.0,2715315.0,1123383.0,33.78,69.58,1005399.0,37.75,91.24,26.0,4373.0,1469.0,0.763
2021-07-20,Mississippi,2080127.0,2723655.0,1129803.0,33.89,69.89,1008740.0,37.96,91.52,9384.0,4161.0,1398.0,0.764
2021-07-21,Mississippi,2085335.0,2727505.0,1133444.0,33.95,70.07,1010312.0,38.08,91.65,5208.0,4215.0,1416.0,0.765
2021-07-22,Mississippi,2092384.0,2734955.0,1138535.0,34.02,70.31,1012480.0,38.26,91.9,7049.0,4620.0,1552.0,0.765
2021-07-23,Mississippi,2092502.0,2757695.0,1138784.0,34.02,70.31,1012632.0,38.26,92.66,118.0,4569.0,1535.0,0.759
2021-07-24,Mississippi,2107461.0,2767275.0,1149495.0,34.17,70.81,1016978.0,38.62,92.98,14959.0,5270.0,1771.0,0.762
2021-07-25,Mississippi,2107725.0,2767275.0,1149917.0,34.18,70.82,1017178.0,38.64,92.98,264.0,5287.0,1776.0,0.762
2021-07-26,Mississippi,2107734.0,2767275.0,1150077.0,34.18,70.82,1017233.0,38.64,92.98,9.0,5284.0,1775.0,0.762
2021-07-27,Mississippi,2107734.0,2772655.0,1150189.0,34.18,70.82,1017257.0,38.65,93.16,0.0,3944.0,1325.0,0.76
2021-07-28,Mississippi,2131339.0,2779885.0,1168211.0,34.36,71.61,1022493.0,39.25,93.41,23605.0,6572.0,2208.0,0.767
2021-07-29,Mississippi,2131467.0,2785775.0,1168577.0,34.36,71.62,1022667.0,39.26,93.6,128.0,5583.0,1876.0,0.765
2021-07-30,Mississippi,2149766.0,2825525.0,1182948.0,34.5,72.23,1026669.0,39.75,94.94,18299.0,8181.0,2749.0,0.761
2021-07-31,Mississippi,2150026.0,2866005.0,1183439.0,34.5,72.24,1026837.0,39.76,96.3,260.0,6081.0,2043.0,0.75
2021-08-01,Mississippi,2150267.0,2866005.0,1183926.0,34.51,72.25,1027050.0,39.78,96.3,241.0,6077.0,2042.0,0.75
2021-08-02,Mississippi,2150272.0,2866005.0,1184115.0,34.51,72.25,1027090.0,39.79,96.3,5.0,6077.0,2042.0,0.75
2021-08-03,Mississippi,2150390.0,2870075.0,1184458.0,34.51,72.25,1027135.0,39.8,96.44,118.0,6094.0,2048.0,0.749
2021-08-04,Mississippi,2188235.0,2882705.0,1213318.0,34.78,73.53,1035252.0,40.77,96.86,37845.0,8128.0,2731.0,0.759
2021-08-05,Mississippi,2188525.0,2905635.0,1213752.0,34.79,73.54,1035458.0,40.78,97.63,290.0,8151.0,2739.0,0.753
2021-08-06,Mississippi,2188644.0,2928965.0,1214257.0,34.8,73.54,1035655.0,40.8,98.41,119.0,5554.0,1866.0,0.747
2021-08-07,Mississippi,2221519.0,2996215.0,1238464.0,35.06,74.64,1043498.0,41.61,100.67,32875.0,10213.0,3432.0,0.741
2021-08-08,Mississippi,2233670.0,2996215.0,1247448.0,35.16,75.05,1046554.0,41.91,100.67,12151.0,11915.0,4003.0,0.745
2021-08-09,Mississippi,2233714.0,2996215.0,1247758.0,35.17,75.05,1046655.0,41.93,100.67,44.0,11920.0,4005.0,0.746
2021-08-10,Mississippi,2233752.0,3009985.0,1248005.0,35.17,75.06,1046719.0,41.93,101.14,38.0,11909.0,4001.0,0.742
2021-08-11,Mississippi,2255050.0,3021865.0,1262874.0,35.36,75.77,1052506.0,42.43,101.54,21298.0,9545.0,3207.0,0.746
2021-08-12,Mississippi,2265054.0,3040315.0,1269806.0,35.47,76.11,1055521.0,42.67,102.16,10004.0,10933.0,3674.0,0.745
2021-08-13,Mississippi,2277191.0,3082655.0,1278047.0,35.59,76.51,1059219.0,42.94,103.58,12137.0,12650.0,4250.0,0.739
2021-08-14,Mississippi,2292961.0,3114405.0,1288512.0,35.77,77.04,1064441.0,43.29,104.65,15770.0,10206.0,3429.0,0.736
2021-08-15,Mississippi,2293055.0,3114405.0,1288839.0,35.77,77.05,1064606.0,43.31,104.65,94.0,8484.0,2851.0,0.736
2021-08-16,Mississippi,2293118.0,3114405.0,1289365.0,35.78,77.05,1064808.0,43.32,104.65,63.0,8486.0,2851.0,0.736
2021-08-17,Mississippi,2323102.0,3148655.0,1308267.0,36.1,78.06,1074309.0,43.96,105.8,29984.0,12764.0,4289.0,0.738
2021-08-18,Mississippi,2335226.0,3167515.0,1315875.0,36.24,78.46,1078447.0,44.21,106.43,12124.0,11454.0,3849.0,0.737
2021-08-19,Mississippi,2335398.0,3214545.0,1316347.0,36.24,78.47,1078701.0,44.23,108.01,172.0,10049.0,3377.0,0.727
2021-08-20,Mississippi,2366109.0,3293675.0,1334129.0,36.6,79.5,1089209.0,44.83,110.67,30711.0,12703.0,4268.0,0.718
2021-08-21,Mississippi,2379951.0,3340685.0,1342258.0,36.77,79.97,1094303.0,45.1,112.25,13842.0,12427.0,4176.0,0.712
2021-08-22,Mississippi,2380292.0,3341105.0,1342805.0,36.78,79.98,1094655.0,45.12,112.26,341.0,12462.0,4187.0,0.712
2021-08-23,Mississippi,2380438.0,3341105.0,1343148.0,36.79,79.98,1094881.0,45.13,112.26,146.0,12474.0,4191.0,0.712
2021-08-24,Mississippi,2414612.0,3341105.0,1361000.0,37.23,81.13,1107891.0,45.73,112.26,34174.0,13073.0,4393.0,0.723
2021-08-25,Mississippi,2415291.0,3373555.0,1361317.0,37.25,81.15,1108692.0,45.74,113.35,679.0,11438.0,3843.0,0.716
2021-08-26,Mississippi,2415499.0,3416625.0,1361784.0,37.26,81.16,1109015.0,45.76,114.8,208.0,11443.0,3845.0,0.707
2021-08-27,Mississippi,2446039.0,3460815.0,1376934.0,37.7,82.19,1121990.0,46.27,116.29,30540.0,11419.0,3837.0,0.707
2021-08-28,Mississippi,2446667.0,3480565.0,1377669.0,37.71,82.21,1122389.0,46.29,116.95,628.0,9531.0,3202.0,0.703
2021-08-29,Mississippi,2447362.0,3492185.0,1378311.0,37.73,82.23,1122793.0,46.31,117.34,695.0,9581.0,3219.0,0.701
2021-08-30,Mississippi,2447416.0,3493545.0,1378418.0,37.73,82.23,1122883.0,46.32,117.38,54.0,9568.0,3215.0,0.701
2021-08-31,Mississippi,2447529.0,3495695.0,1378791.0,37.74,82.24,1123181.0,46.33,117.46,113.0,4702.0,1580.0,0.7
2021-09-01,Mississippi,2495659.0,3507395.0,1401304.0,38.45,83.86,1144189.0,47.08,117.85,48130.0,11481.0,3858.0,0.712
2021-09-02,Mississippi,2495829.0,3509735.0,1401581.0,38.45,83.86,1144438.0,47.09,117.93,170.0,11476.0,3856.0,0.711
2021-09-03,Mississippi,2558339.0,3541975.0,1414089.0,39.34,85.96,1170933.0,47.51,119.01,62510.0,16043.0,5391.0,0.722
2021-09-04,Mississippi,2572157.0,3594175.0,1419781.0,39.58,86.43,1177933.0,47.71,120.77,13818.0,17927.0,6024.0,0.716
2021-09-08,Mississippi,2572766.0,3605275.0,1420524.0,39.6,86.45,1178500.0,47.73,121.14,175.0,11015.0,3701.0,0.714
2021-09-09,Mississippi,2610640.0,3620395.0,1433612.0,40.3,87.72,1199266.0,48.17,121.65,37874.0,16402.0,5511.0,0.721
2021-09-10,Mississippi,2611136.0,3628315.0,1434177.0,40.31,87.74,1199679.0,48.19,121.91,496.0,7542.0,2534.0,0.72
2021-09-11,Mississippi,2635215.0,3646785.0,1442107.0,40.76,88.54,1213166.0,48.46,122.53,24079.0,9008.0,3027.0,0.723
2021-09-12,Mississippi,2635824.0,3647855.0,1442613.0,40.78,88.56,1213536.0,48.47,122.57,609.0,9075.0,3049.0,0.723
2021-09-13,Mississippi,2636292.0,3647855.0,1443096.0,40.78,88.58,1213726.0,48.49,122.57,468.0,9121.0,3065.0,0.723
2021-09-14,Mississippi,2662504.0,3656895.0,1452720.0,41.31,89.46,1229562.0,48.81,122.87,26212.0,12845.0,4316.0,0.728
2021-09-15,Mississippi,2673086.0,3683715.0,1457234.0,41.49,89.82,1234718.0,48.96,123.77,10582.0,14331.0,4815.0,0.726
2021-09-16,Mississippi,2684119.0,3697955.0,1460801.0,41.71,90.19,1241211.0,49.08,124.25,11033.0,10497.0,3527.0,0.726
2021-09-17,Mississippi,2684389.0,3722795.0,1461205.0,41.72,90.2,1241563.0,49.1,125.09,270.0,10465.0,3516.0,0.721
2021-09-18,Mississippi,2704228.0,3742955.0,1467185.0,42.11,90.86,1253359.0,49.3,125.77,19839.0,9859.0,3313.0,0.722
2021-09-19,Mississippi,2704749.0,3743715.0,1467487.0,42.13,90.88,1253858.0,49.31,125.79,521.0,9846.0,3308.0,0.722
2021-09-20,Mississippi,2704800.0,3743715.0,1467588.0,42.13,90.88,1253964.0,49.31,125.79,51.0,9787.0,3288.0,0.722
2021-09-21,Mississippi,2724278.0,3749885.0,1473765.0,42.53,91.54,1265761.0,49.52,126.0,19478.0,8825.0,2965.0,0.726
2021-09-22,Mississippi,2730584.0,3759335.0,1476384.0,42.63,91.75,1268729.0,49.61,126.32,6306.0,8214.0,2760.0,0.726
2021-09-23,Mississippi,2730863.0,3768235.0,1476629.0,42.64,91.76,1269033.0,49.62,126.61,279.0,6678.0,2244.0,0.725
2021-09-24,Mississippi,2746662.0,3776065.0,1481804.0,42.92,92.29,1277233.0,49.79,126.88,15799.0,8896.0,2989.0,0.727
2021-09-25,Mississippi,2754939.0,3793425.0,1484372.0,43.08,92.57,1282035.0,49.88,127.46,8277.0,7244.0,2434.0,0.726
2021-09-26,Mississippi,2755166.0,3792905.0,1484558.0,43.08,92.57,1282234.0,49.88,127.44,227.0,7202.0,2420.0,0.726
2021-09-27,Mississippi,2755220.0,3793325.0,1484661.0,43.09,92.58,1282299.0,49.89,127.46,54.0,7203.0,2420.0,0.726
2021-09-28,Mississippi,2755269.0,3796935.0,1484884.0,43.09,92.58,1282482.0,49.89,127.58,49.0,4427.0,1487.0,0.726
2021-09-29,Mississippi,2777569.0,3806895.0,1491366.0,43.43,93.33,1292421.0,50.11,127.91,22300.0,6712.0,2255.0,0.73
2021-09-30,Mississippi,2783784.0,3810595.0,1493169.0,43.51,93.54,1294972.0,50.17,128.04,6215.0,7560.0,2540.0,0.731
2021-10-01,Mississippi,2791597.0,3836995.0,1495207.0,43.61,93.8,1297823.0,50.24,128.92,7813.0,6419.0,2157.0,0.728
2021-10-02,Mississippi,2791691.0,3845465.0,1495394.0,43.61,93.8,1297974.0,50.25,129.21,94.0,5250.0,1764.0,0.726
2021-10-03,Mississippi,2791771.0,3844435.0,1495584.0,43.62,93.8,1298104.0,50.25,129.17,80.0,5229.0,1757.0,0.726
2021-10-04,Mississippi,2791771.0,3844435.0,1495723.0,43.62,93.8,1298190.0,50.26,129.17,0.0,5222.0,1755.0,0.726
2021-10-05,Mississippi,2818650.0,3854185.0,1502743.0,43.94,94.71,1307770.0,50.49,129.5,26879.0,9054.0,3042.0,0.731
2021-10-06,Mississippi,2824472.0,3857805.0,1504360.0,44.01,94.9,1309723.0,50.55,129.62,5822.0,6700.0,2251.0,0.732
2021-10-07,Mississippi,2830765.0,3866975.0,1506083.0,44.07,95.12,1311697.0,50.61,129.93,6293.0,6712.0,2255.0,0.732
2021-10-08,Mississippi,2840936.0,3891415.0,1509075.0,44.18,95.46,1314997.0,50.71,130.75,10171.0,7048.0,2368.0,0.73
2021-10-09,Mississippi,2841035.0,3896935.0,1509277.0,44.19,95.46,1315147.0,50.71,130.94,99.0,7049.0,2368.0,0.729
2021-10-13,Mississippi,2868330.0,3908505.0,1516591.0,44.49,96.38,1324030.0,50.96,131.33,5852.0,6265.0,2105.0,0.734
2021-10-14,Mississippi,2870760.0,3919005.0,1517893.0,44.54,96.46,1325520.0,51.0,131.68,2430.0,5714.0,1920.0,0.733
2021-10-15,Mississippi,2884120.0,3932865.0,1521329.0,44.69,96.91,1330166.0,51.12,132.15,13360.0,6169.0,2073.0,0.733
2021-10-16,Mississippi,2897563.0,3954285.0,1525958.0,44.88,97.36,1335781.0,51.27,132.87,13443.0,8075.0,2713.0,0.733
2021-10-17,Mississippi,2897794.0,3951185.0,1526190.0,44.89,97.37,1335959.0,51.28,132.76,231.0,7087.0,2381.0,0.733
2021-10-18,Mississippi,2897795.0,3949315.0,1526250.0,44.89,97.37,1336012.0,51.28,132.7,1.0,6066.0,2038.0,0.734
2021-10-19,Mississippi,2911102.0,3954115.0,1529692.0,45.05,97.81,1340694.0,51.4,132.86,13307.0,6946.0,2334.0,0.736
2021-10-20,Mississippi,2916844.0,3962095.0,1531236.0,45.11,98.01,1342514.0,51.45,133.13,5742.0,6931.0,2329.0,0.736
2021-10-21,Mississippi,2916983.0,3969225.0,1531434.0,45.11,98.01,1342667.0,51.46,133.37,139.0,6603.0,2219.0,0.735
2021-10-22,Mississippi,2929949.0,3994565.0,1538160.0,45.31,98.45,1348398.0,51.68,134.22,12966.0,6547.0,2200.0,0.733
2021-10-23,Mississippi,2930172.0,4012065.0,1538491.0,45.31,98.46,1348618.0,51.69,134.81,223.0,4658.0,1565.0,0.73
2021-10-24,Mississippi,2930326.0,4011785.0,1538642.0,45.32,98.46,1348741.0,51.7,134.8,154.0,4647.0,1561.0,0.73
2021-10-25,Mississippi,2930327.0,4009685.0,1538747.0,45.32,98.46,1348772.0,51.7,134.73,1.0,4647.0,1561.0,0.731
2021-10-26,Mississippi,2930327.0,4021275.0,1538939.0,45.32,98.46,1348880.0,51.71,135.12,0.0,2746.0,923.0,0.729
2021-10-27,Mississippi,2957457.0,4041645.0,1544403.0,45.54,99.37,1355330.0,51.89,135.8,27130.0,5802.0,1949.0,0.732
2021-10-28,Mississippi,2957744.0,4054645.0,1544771.0,45.55,99.38,1355557.0,51.91,136.24,287.0,5823.0,1957.0,0.729
2021-10-29,Mississippi,2977515.0,4089245.0,1548141.0,45.67,100.05,1359195.0,52.02,137.4,19771.0,6795.0,2283.0,0.728
2021-10-30,Mississippi,2977710.0,4113235.0,1548479.0,45.67,100.05,1359342.0,52.03,138.21,195.0,6791.0,2282.0,0.724
2021-10-31,Mississippi,2978090.0,4112335.0,1548748.0,45.68,100.07,1359519.0,52.04,138.18,380.0,6823.0,2293.0,0.724
2021-11-01,Mississippi,2978295.0,4109735.0,1548881.0,45.68,100.07,1359593.0,52.04,138.09,205.0,6853.0,2303.0,0.725
2021-11-02,Mississippi,2978295.0,4127705.0,1549129.0,45.69,100.07,1359729.0,52.05,138.69,0.0,6853.0,2303.0,0.722